{"iteration": 0, "ts": "2025-10-12T19:02:21.138810", "scores": {"Customer Job": 1.0, "synthetic-data-applications-a02ee914": 1.0, "ai-model-development-lifecycle-2cbac872": 1.0, "ai-model-training-challenges-bbc8340d": 1.0, "synthetic-data-generation-techniques-af94155e": 1.0, "synthetic-data-use-cases-45438047": 1.0, "ai-model-evaluation-metrics-7b7fe5f8": 1.0, "synthetic-data-generation-a8a85f5d": 1.0, "data-labeling-automation-0d0c47f3": 1.0, "synthetic-data-use-cases-609733c0": 1.0, "ai-model-training-data-requirements-a8d16fb5": 1.0, "privacy-preserving-techniques-41ab9f3f": 1.0, "ai-model-testing-8dac8ac4": 1.0, "model-performance-metrics-4e90c01a": 1.0, "task-specific-evaluation-metrics-915538e9": 1.0, "Product Feature": 1.0}}
