{"iteration": 1, "ts": "2025-10-12T19:03:10.109531", "scores": {"Product Feature": 0.945, "synthetic-data-applications-a02ee914": 0.9089999999999999, "synthetic-data-use-cases-45438047": 1.0, "synthetic-data-generation-a8a85f5d": 1.0, "model-performance-metrics-4e90c01a": 1.0, "ai-model-development-lifecycle-2cbac872": 0.9089999999999999, "privacy-preserving-techniques-41ab9f3f": 0.945, "ai-model-testing-8dac8ac4": 1.0, "task-specific-evaluation-metrics-915538e9": 1.0, "data-labeling-automation-0d0c47f3": 1.0, "ai-model-training-challenges-bbc8340d": 0.945, "synthetic-data-generation-techniques-af94155e": 0.945, "Customer Job": 1.0, "ai-model-training-data-requirements-a8d16fb5": 0.9089999999999999, "ai-model-evaluation-metrics-7b7fe5f8": 1.0, "synthetic-data-use-cases-609733c0": 1.0}}
