{"iteration": 16, "ts": "2025-10-12T19:49:13.088142", "scores": {"synthetic-data-bias-a38b102f": 0.7088827349999999, "human-in-the-loop-evaluation-1fb6b150": 0.7088827349999999, "ai-model-training-pipeline-b9b2ce8b": 0.9239999999999999, "bias-mitigation-techniques-d8f1baa9": 0.9089999999999999, "synthetic-data-applications-ccb08fb3": 0.96, "model-evaluation-challenges-3988669a": 0.7088827349999999, "ai-model-bias-89c53426": 0.6568922113500001, "model-debugging-tools-4309c867": 0.72051906, "gan-evaluation-metrics-2332e552": 0.9239999999999999, "synthetic-data-generation-91dd8833": 0.7530195000000001, "vae-data-compression-a1e82713": 0.7237434, "synthetic-data-quality-metrics-5d5a2e9e": 0.9089999999999999, "ai-model-training-8bf5a69d": 0.725706975, "synthetic-data-bias-83e1213e": 0.945, "data-generation-evaluation-581cf5d5": 0.71110442475, "Customer Job": 0.7251160275, "synthetic-data-benefits-69769d76": 0.65993190864, "fidelity-metrics-definition-3d37c477": 0.9097500000000001, "active-learning-strategies-a41fffb6": 0.6925614822749999, "data-privacy-implications-e293896f": 0.73978815, "Product Feature": 0.9097500000000001, "data-augmentation-techniques-f542a005": 0.8955, "data-augmentation-techniques-ddb4a3c5": 0.724819485, "ai-model-training-7806df8e": 0.7090312349999999, "synthetic-data-generation-b10d1b81": 0.6977143155, "data-privacy-regulations-08c61965": 0.9089999999999999, "data-privacy-regulations-affc4d3b": 0.6513560802149998, "differential-privacy-a032ee43": 0.9089999999999999, "synthetic-data-generation-techniques-d9fd2ecb": 0.681872448, "data-augmentation-techniques-18135189": 1.0, "ai-model-evaluation-metrics-d3367c40": 0.71331141, "model-training-data-35c37672": 1.0, "synthetic-data-bias-8ffce812": 0.724819485, "data-augmentation-techniques-18b0c581": 0.6897427005000001, "synthetic-data-bias-1cab7426": 0.6952980328500001, "synthetic-data-evaluation-metrics-203465ba": 0.96, "gan-training-challenges-67231783": 0.7088454614999999, "generative-adversarial-networks-01b5cacb": 0.96, "differential-privacy-methods-613fa10d": 0.6622962305999999, "gans-for-synthetic-data-3b3e889c": 0.70771755, "representation-learning-70c4207f": 0.96, "hyperparameter-optimization-methods-7f96b47e": 0.8787750000000001, "vae-applications-74a04e08": 0.9097500000000001, "synthetic-data-advantages-a323213a": 0.7184699099999999, "model-evaluation-metrics-6b843e66": 0.7168660275, "data-quality-metrics-f9c2342a": 0.7237434, "data-annotation-quality-dd371b9b": 0.6965469015000001, "synthetic-data-quality-e689153f": 0.8787750000000001, "model-evaluation-metrics-6c6a9d2b": 0.8955, "model-parameter-optimization-bbf020eb": 0.720244485, "generative-adversarial-networks-0335e3a1": 0.8955, "synthetic-data-advantages-0a4cedaf": 0.8955, "synthetic-data-generation-methods-591d4628": 0.7056568154999999, "model-evaluation-techniques-1adfeca3": 0.9089999999999999, "data-privacy-regulations-7756e0a7": 0.7093375365, "synthetic-data-evaluation-e29413bb": 0.9089999999999999, "metrics-for-synthetic-data-459bf847": 0.75046755, "diversity-metrics-significance-15df7a5b": 0.9089999999999999, "ai-model-evaluation-metrics-de443b2b": 0.720729795, "dataset-bias-mitigation-a11b9b28": 0.6977143155, "rule-based-data-limitations-2d1c8067": 0.712254795, "bias-detection-methods-a8156b02": 1.0}}
