{"iteration": 3, "ts": "2025-10-12T18:31:16.154479", "scores": {"ai-model-testing-8dac8ac4": 0.96, "model-performance-metrics-4e90c01a": 0.96, "synthetic-data-generation-techniques-af94155e": 0.96, "ai-model-training-challenges-bbc8340d": 0.96, "task-specific-evaluation-metrics-915538e9": 0.96, "Product Feature": 0.9239999999999999, "synthetic-data-applications-a02ee914": 0.9239999999999999, "synthetic-data-use-cases-609733c0": 0.96, "privacy-preserving-techniques-41ab9f3f": 1.0, "ai-model-development-lifecycle-2cbac872": 0.9239999999999999, "Customer Job": 0.96, "synthetic-data-use-cases-45438047": 0.96, "data-labeling-automation-0d0c47f3": 0.96, "ai-model-evaluation-metrics-7b7fe5f8": 0.96, "ai-model-training-data-requirements-a8d16fb5": 0.96, "synthetic-data-generation-a8a85f5d": 0.96}}
