{"iteration": 0, "ts": "2025-10-12T19:28:07.667120", "scores": {"Customer Job": 1.0, "synthetic-data-generation-methods-591d4628": 1.0, "ai-model-training-7806df8e": 1.0, "data-privacy-regulations-affc4d3b": 1.0, "data-augmentation-techniques-18b0c581": 1.0, "ai-model-evaluation-metrics-d3367c40": 1.0, "gan-training-challenges-67231783": 1.0, "vae-data-compression-a1e82713": 1.0, "synthetic-data-bias-1cab7426": 1.0, "rule-based-data-limitations-2d1c8067": 1.0, "data-generation-evaluation-581cf5d5": 1.0, "data-augmentation-techniques-ddb4a3c5": 1.0, "model-parameter-optimization-bbf020eb": 1.0, "synthetic-data-advantages-a323213a": 1.0, "data-privacy-regulations-7756e0a7": 1.0, "ai-model-evaluation-metrics-de443b2b": 1.0, "synthetic-data-benefits-69769d76": 1.0, "differential-privacy-methods-613fa10d": 1.0, "ai-model-bias-89c53426": 1.0, "data-annotation-quality-dd371b9b": 1.0, "synthetic-data-generation-techniques-d9fd2ecb": 1.0, "synthetic-data-generation-b10d1b81": 1.0, "ai-model-training-8bf5a69d": 1.0, "dataset-bias-mitigation-a11b9b28": 1.0, "model-evaluation-metrics-6b843e66": 1.0, "active-learning-strategies-a41fffb6": 1.0, "model-evaluation-challenges-3988669a": 1.0, "synthetic-data-bias-a38b102f": 1.0, "data-quality-metrics-f9c2342a": 1.0, "human-in-the-loop-evaluation-1fb6b150": 1.0, "model-debugging-tools-4309c867": 1.0, "hyperparameter-optimization-methods-7f96b47e": 1.0, "gan-evaluation-metrics-2332e552": 1.0, "synthetic-data-quality-e689153f": 1.0, "ai-model-training-pipeline-b9b2ce8b": 1.0, "model-evaluation-techniques-1adfeca3": 1.0, "vae-applications-74a04e08": 1.0, "synthetic-data-advantages-0a4cedaf": 1.0, "data-augmentation-techniques-18135189": 1.0, "representation-learning-70c4207f": 1.0, "model-evaluation-metrics-6c6a9d2b": 1.0, "bias-mitigation-techniques-d8f1baa9": 1.0, "synthetic-data-evaluation-metrics-203465ba": 1.0, "differential-privacy-a032ee43": 1.0, "generative-adversarial-networks-0335e3a1": 1.0, "data-augmentation-techniques-f542a005": 1.0, "synthetic-data-bias-83e1213e": 1.0, "data-privacy-regulations-08c61965": 1.0, "generative-adversarial-networks-01b5cacb": 1.0, "synthetic-data-applications-ccb08fb3": 1.0, "synthetic-data-quality-metrics-5d5a2e9e": 1.0, "synthetic-data-evaluation-e29413bb": 1.0, "fidelity-metrics-definition-3d37c477": 1.0, "diversity-metrics-significance-15df7a5b": 1.0, "model-training-data-35c37672": 1.0, "bias-detection-methods-a8156b02": 1.0, "synthetic-data-generation-91dd8833": 1.0, "data-privacy-implications-e293896f": 1.0, "gans-for-synthetic-data-3b3e889c": 1.0, "metrics-for-synthetic-data-459bf847": 1.0, "synthetic-data-bias-8ffce812": 1.0, "Product Feature": 1.0}}
